group,samples,baseline_line_accuracy,single_modal_line_accuracy,dual_modal_line_accuracy,baseline_character_accuracy,single_modal_character_accuracy,dual_modal_character_accuracy,baseline_avg_edit_distance,single_modal_avg_edit_distance,dual_modal_avg_edit_distance
scene,63646,0.381297,0.221428,0.122977,0.577446,0.445908,0.354851,2.129608,2.79254,3.251453
document,50000,0.77654,0.6364,0.32332,0.954818,0.910781,0.742042,0.3608,0.71246,2.05992
web,14059,0.39448,0.33395,0.212248,0.540723,0.55774,0.455553,2.30749,2.221993,2.735401
hard_cases,905,0.179006,0.078453,0.041989,0.324043,0.200573,0.160719,2.867403,3.39116,3.560221
bg_confusion,104,0.115385,0.048077,0.009615,0.417143,0.241143,0.186286,4.903846,6.384615,6.846154
blur,500,0.27,0.104,0.062,0.41499,0.23109,0.172103,1.686,2.216,2.386
oblique_or_curved,100,0.03,0.04,0.01,0.078278,0.078278,0.076321,4.71,4.71,4.72
occlusion,101,0.118812,0.09901,0.049505,0.431655,0.332734,0.291367,3.128713,3.673267,3.90099
vertical_text,100,0.0,0.0,0.0,0.002193,0.002193,0.010965,4.55,4.55,4.51
