group,samples,exact_match_samples,line_accuracy,character_accuracy,total_edit_distance,average_edit_distance
overall,905,162,0.179006,0.324043,2595,2.867403
hard_cases,905,162,0.179006,0.324043,2595,2.867403
bg_confusion,104,12,0.115385,0.417143,510,4.903846
blur,500,135,0.27,0.41499,843,1.686
oblique_or_curved,100,3,0.03,0.078278,471,4.71
occlusion,101,12,0.118812,0.431655,316,3.128713
vertical_text,100,0,0.0,0.002193,455,4.55
